position,frequency,mean_attribution,most_common_token,token_diversity
942,1,1.019603967666626,<,1
1138,1,1.014924168586731,<,1
894,1,0.9493395686149597,<,1
1151,1,0.8552719354629517,<,1
970,1,0.8341253995895386,<,1
912,1,0.8015275001525879,<,1
1106,1,0.7992709279060364,<,1
1072,1,0.739580512046814,<,1
887,2,0.7391582168638706,N,2
1058,1,0.7367119193077087,<,1
1277,1,0.7107007503509521,<,1
1008,1,0.709628164768219,<,1
1053,3,0.7051755587259928,<,1
1177,1,0.6830415725708008,<,1
740,12,0.6660840741048256,<,4
1188,1,0.6660782098770142,<,1
1029,1,0.6546293497085571,<,1
839,5,0.6510894507169723,<,3
928,3,0.6465841829776764,<,2
856,5,0.6378889754414558,<,3
929,2,0.6313787624239922,<,2
784,7,0.6055532922702176,<,5
1266,1,0.5981254577636719,<,1
976,2,0.5699017569422722,<,2
1189,1,0.565782904624939,<,1
997,1,0.5599600076675415,<,1
807,7,0.5423848362905639,<,5
801,5,0.5262495070695877,<,3
1219,1,0.5230312347412109,<,1
1147,1,0.5212082862854004,<,1
899,5,0.5192125521600246,<,3
904,3,0.49859315901994705,<,3
634,17,0.4909136759884217,<,5
913,2,0.4852161481976509,I,2
1002,1,0.4821212887763977,<,1
616,14,0.4766776335558721,<,8
1118,1,0.4722113013267517,<,1
964,6,0.46361633328100044,<,4
981,2,0.4626396670937538,T,2
542,12,0.46209067044158775,<,6
1349,1,0.4611000418663025,<,1
1481,1,0.456495463848114,<,1
1104,2,0.45250553265213966,<,2
1120,2,0.44976046681404114,<,2
879,3,0.4466807196537654,T,3
751,12,0.43509129403779906,<,7
758,8,0.4277235553599894,<,5
1088,1,0.422252893447876,<,1
1508,1,0.420653373003006,<,1
734,14,0.4200843870639801,<,8
585,12,0.41465608558307093,<,7
782,12,0.41384280907611054,<,7
871,6,0.4072846435010433,<,4
778,11,0.40645071593197907,<,7
1049,3,0.4061075647672017,N,2
832,4,0.40397932939231396,<,3
1351,1,0.39985787868499756,<,1
765,7,0.3990756848028728,<,6
956,2,0.39574988931417465,<,2
866,4,0.39423622749745846,N,4
1079,2,0.3941916674375534,N,2
678,20,0.3940588042140007,<,8
986,2,0.39299360662698746,<,2
924,3,0.39004003008206684,<,3
722,18,0.38680236227810383,<,8
1001,2,0.38549138233065605,",",2
761,8,0.38467295188456774,L,6
695,21,0.3832611411455132,<,9
699,17,0.38229305647751866,L,9
533,24,0.38099809798101586,<,12
1207,2,0.37959572672843933,<,2
771,5,0.37760905995965005,N,4
800,4,0.37590885907411575,",",4
820,7,0.37464046265397755,<,6
1098,2,0.3729543685913086,I,2
804,8,0.37050911039114,<,5
1208,1,0.3678918480873108,<,1
466,25,0.3664922336488962,<,12
939,1,0.3653112053871155,N,1
1144,2,0.3644231744110584,N,2
1411,2,0.3604532480239868,<,1
819,4,0.35943985637277365,I,4
792,5,0.3589475192129612,<,5
456,25,0.3583569148182869,<,10
923,5,0.3579655133187771,<,4
733,12,0.3571257349103689,N,6
510,35,0.35400743250335964,I,11
548,14,0.3503742806081261,<,7
636,18,0.3495085806482368,<,9
1037,2,0.34730419516563416,<,2
726,26,0.3470997310315187,<,10
873,4,0.3470072075724602,<,4
622,22,0.3459941605952653,<,8
637,27,0.34548177383840084,<,10
468,21,0.3451429438732919,<,8
1400,1,0.34183257818222046,<,1
256,21,0.34074671655183747,<,11
1031,3,0.34062566980719566,<,3
604,19,0.34056395233461734,<,10
786,7,0.3384433867675917,I,5
539,20,0.3363313876092434,<,11
558,11,0.3359556851739233,L,8
385,28,0.3334055145138076,K,11
833,4,0.3333322610706091,I,3
670,14,0.3331958018243313,<,10
1006,1,0.33226239681243896,N,1
842,3,0.33222607523202896,L,2
644,32,0.3305790638551116,<,13
698,11,0.3304056813093749,<,7
652,17,0.3279676588580889,<,10
643,23,0.32691161739437474,",",9
424,23,0.32667747682527354,T,9
538,34,0.32477219041217775,<,12
511,25,0.3246523992717266,<,8
815,4,0.3238612040877342,I,4
588,14,0.323478584044746,<,9
911,5,0.3219675809144974,P,5
416,29,0.32071948179910925,<,12
978,3,0.3185984939336777,P,3
738,14,0.3174700580005135,N,6
747,18,0.3174562152061198,<,9
502,31,0.31693504438284903,<,11
963,5,0.3143951155245304,",",3
473,30,0.31383764334023,<,12
572,19,0.31276675156856837,<,10
803,10,0.31074429862201214,",",7
754,9,0.3106053305996789,N,6
389,26,0.31014042555426174,N,9
647,17,0.30983659340178266,<,9
615,20,0.3098288618028164,<,10
706,15,0.30978031108776727,<,8
688,21,0.30945441286478725,<,8
728,19,0.30848858191778783,N,7
683,16,0.3082830945495516,I,8
953,5,0.3077767301350832,L,4
608,24,0.3062942133595546,<,9
497,26,0.30622206141169256,",",11
543,20,0.3057096997275949,<,10
570,19,0.30411503209095253,N,9
697,18,0.30411045046316254,L,9
961,6,0.30191409091154736,K,4
454,30,0.30122606257597606,<,13
677,20,0.3006617123261094,<,11
540,23,0.29993582257758017,L,10
375,37,0.2992847705813679,<,11
388,33,0.29737478257580235,<,11
395,37,0.29706861219696096,<,12
813,9,0.2956801690161228,<,6
230,29,0.29437735188623954,<,9
1009,1,0.2936735153198242,W,1
875,4,0.29347467236220837,L,3
1216,1,0.29333817958831787,N,1
419,23,0.29216761951861175,<,10
313,25,0.2913861421495676,I,8
447,17,0.29026243989081946,<,10
891,4,0.290085606276989,N,3
646,25,0.2895987084507942,<,10
682,18,0.2872812818321917,L,8
239,22,0.28544316440820694,<,9
874,3,0.28529074043035507,L,3
464,28,0.28524524718523026,L,11
823,5,0.28480252623558044,<,5
1086,2,0.28293125703930855,<,2
614,21,0.282831736795959,L,10
527,28,0.2826898836397699,<,11
530,22,0.2807669075713916,L,7
546,12,0.27979220760365325,I,6
884,7,0.2787681573203632,N,5
845,3,0.2780717189113299,<,3
668,15,0.2778200350701809,N,8
968,3,0.2758178114891052,N,2
710,19,0.27319337133514254,L,7
576,20,0.27202109023928644,<,10
757,10,0.2719948530197144,",",7
522,29,0.2715470252622818,L,11
665,25,0.27132462814450264,L,12
686,33,0.2683598530111891,<,12
648,20,0.2682802775874734,<,10
364,31,0.2678097985204189,N,11
1563,1,0.2674834728240967,<,1
1495,1,0.26673415303230286,<,1
504,31,0.2659722131586844,I,11
905,7,0.2655323211635862,S,5
1531,1,0.26520028710365295,<,1
1165,3,0.2651287553211053,R,3
366,32,0.26450061157811433,<,12
506,39,0.26375676194826764,L,13
494,37,0.26285282502303253,<,13
535,28,0.26264843477734495,L,11
412,37,0.2625141793207542,",",13
474,24,0.260808306435744,S,10
568,26,0.2591398818275103,<,13
640,43,0.25826760476758315,<,13
671,24,0.2577245637464027,N,10
720,27,0.2576110357487643,<,12
855,6,0.2570008933544159,",",4
569,20,0.25682078301906586,L,9
714,21,0.2560014424934274,L,8
304,26,0.25590312094069445,<,9
583,14,0.2556324952415058,N,7
451,31,0.2547943366150702,N,13
472,28,0.2547423176999603,R,12
524,36,0.25362262936929864,N,12
783,13,0.25218072361671007,S,6
628,21,0.25160151276560055,N,9
731,20,0.2508686387911439,L,10
528,29,0.2506381903999838,<,11
1100,1,0.250273734331131,N,1
691,30,0.2500678734232982,S,10
442,36,0.24849787406209442,<,13
407,40,0.24841675776988267,L,14
544,24,0.2480138985750576,I,9
632,26,0.24786563446888557,L,10
723,21,0.24768303831418356,L,8
323,36,0.24763840519719654,<,13
774,7,0.2467501951115472,N,6
609,39,0.2466001027287581,L,11
642,41,0.24589562915810725,L,14
932,3,0.24583538870016733,I,3
645,32,0.24579355597961694,L,12
651,17,0.24563796829213114,S,10
483,26,0.24536879260379535,L,10
790,6,0.24516463465988636,L,6
349,30,0.24446054367969433,N,11
581,14,0.2443521980728422,K,7
836,6,0.24415812889734903,N,5
500,28,0.24404730634497745,L,10
413,32,0.2437231163494289,<,12
498,38,0.24364119336793297,L,12
526,33,0.24354413851644052,<,9
438,31,0.2432299067055987,<,13
721,22,0.24221705967052418,S,10
566,22,0.2414196196266196,L,11
518,24,0.23914831845710674,N,11
906,6,0.23895953595638275,S,5
789,8,0.2386204032227397,T,5
617,19,0.2377293358900045,L,9
445,38,0.23675313601760486,K,11
798,10,0.2363973405212164,<,8
351,22,0.23633163693276318,N,11
553,16,0.23562394571490586,L,8
525,29,0.23486246618217435,L,11
596,28,0.23450543425445045,L,9
1041,1,0.23427490890026093,N,1
943,1,0.2335907220840454,S,1
357,29,0.23329134452445754,N,10
512,40,0.23227463755756617,N,11
650,22,0.23191718689420007,S,10
838,9,0.23161897559960684,",",5
690,30,0.23142912425100803,L,11
1051,4,0.23112959042191505,<,4
294,31,0.23089119587694446,<,11
1304,2,0.23063730634748936,L,2
755,8,0.23061595624312758,S,6
593,16,0.2305853816214949,N,9
428,24,0.23035302323599657,K,9
1301,2,0.2301727943122387,<,2
433,43,0.22997541405087293,L,13
567,23,0.2299273496736651,N,10
974,1,0.22970432043075562,L,1
843,3,0.22946092983086905,E,3
274,28,0.22945894307589956,<,9
868,7,0.22834638133645058,L,4
422,29,0.22709547535612665,L,10
397,35,0.22658449145300047,N,10
513,33,0.22655049937241006,N,11
984,4,0.22644376382231712,K,4
482,23,0.22615986714220565,<,13
979,1,0.22508354485034943,R,1
1043,1,0.22507664561271667,I,1
606,30,0.22489442552129427,T,12
736,12,0.2246848146120707,L,9
248,26,0.22440928034484386,<,10
777,8,0.22354253381490707,I,5
580,20,0.2229291731491685,N,8
909,4,0.2227050755172968,T,3
902,5,0.22263786494731902,N,3
694,30,0.222555818532904,L,10
730,17,0.22159250606508815,N,10
430,22,0.22108307176015593,T,8
806,7,0.2210737376340798,",",4
324,22,0.2210466985336759,I,9
811,6,0.22047974107166132,I,5
739,17,0.21972432294312647,",",7
362,30,0.21948737278580666,",",13
877,3,0.21914059172074,<,3
718,36,0.21863986810462344,<,14
919,3,0.21863754962881407,L,2
298,20,0.2185646304860711,<,12
334,30,0.21842148552338284,<,11
153,9,0.21814396418631077,<,6
499,42,0.21813646251601831,L,13
1175,2,0.21800360456109047,",",2
481,26,0.21751930349721357,I,12
516,39,0.21671892330050468,L,11
655,10,0.21644408330321313,L,6
732,13,0.21632663447123307,L,8
534,16,0.21558887395076454,I,8
410,30,0.21523281435171762,N,12
601,13,0.21517609432339668,L,8
631,34,0.21448711503077955,L,11
463,22,0.2142673314295032,L,10
830,10,0.21421175673604012,L,6
541,21,0.21418756849709011,I,11
752,6,0.21383213562270006,R,5
417,33,0.21370954698685443,N,11
620,21,0.2135465538927487,L,10
449,24,0.21276025761229297,N,8
672,17,0.2124844390679808,T,8
339,28,0.2115499691239425,<,10
564,22,0.21128518659282813,L,11
348,33,0.2099298330193216,M,11
507,38,0.2095782896993976,L,13
358,29,0.20861844153239809,<,10
398,29,0.20830393672503275,R,13
228,24,0.2076776782826831,<,11
110,22,0.20755922091616827,<,7
372,32,0.20750300504732877,<,11
674,23,0.20728054253951364,I,8
380,33,0.2072668502276594,K,10
551,21,0.20710477747377895,L,9
950,3,0.2068771074215571,L,2
582,13,0.20684703983939612,N,8
326,27,0.20638074684474203,<,12
263,35,0.205979603475758,<,11
400,27,0.20583538759361814,I,12
459,22,0.20565696839581837,L,12
676,24,0.20546616582820812,S,11
282,36,0.20541514709798825,W,10
717,36,0.20539721981104878,N,12
867,10,0.20517638474702835,L,6
392,34,0.20485732145607471,K,14
492,34,0.2047402463195955,I,14
212,37,0.20455741962871035,<,14
579,10,0.204408385977149,N,8
509,34,0.2040764697115211,",",10
756,9,0.20400190518962014,I,7
584,17,0.2037335454541094,",",9
972,1,0.2035689651966095,N,1
563,22,0.20318600704724138,I,10
768,18,0.20288080432348782,L,7
402,46,0.20233290375250837,N,14
477,33,0.2022997201843695,I,13
446,30,0.20167992673814297,<,10
418,28,0.201677932936166,I,13
503,38,0.20129639106361488,S,14
508,28,0.20111814473888703,L,12
376,26,0.20110815534224877,<,13
552,20,0.2007489264011383,L,10
1047,1,0.20064277946949005,L,1
653,10,0.20011228043586016,R,7
286,36,0.20004002284258604,<,13
560,21,0.19976185208984784,L,9
700,31,0.19974873275045427,L,13
658,22,0.19966685416346247,N,10
693,33,0.1996442893463554,L,11
611,29,0.19954459471949215,N,10
317,23,0.19920794900668704,N,10
1205,2,0.19890594482421875,T,2
675,26,0.1985562824859069,L,12
549,25,0.1980026586353779,L,10
331,28,0.19767612079158425,<,11
409,35,0.19760002781237876,L,10
796,9,0.1974804401397705,N,8
162,15,0.19731125198304653,<,9
724,28,0.1971067057124206,L,10
610,23,0.19702143060124439,N,9
607,34,0.19646463214474566,L,12
729,17,0.19627513013341846,L,7
638,27,0.19583398296877189,L,13
602,28,0.19498429420803273,L,10
432,29,0.19483382852169975,T,10
657,21,0.19480320474221594,L,12
998,1,0.19461143016815186,R,1
937,1,0.1944667249917984,N,1
571,17,0.19321647987646215,",",9
425,30,0.19310402708748978,L,13
341,25,0.1929990378022194,<,13
471,25,0.19282222479581834,L,11
314,21,0.19258035719394684,<,12
578,22,0.19243601540272887,L,11
493,38,0.19204677327683098,I,12
391,59,0.19194375748856593,>,16
1134,1,0.1914375126361847,N,1
707,16,0.19126082584261894,L,7
455,31,0.19123003451574233,",",12
435,34,0.1908967859823914,K,14
594,30,0.19038215453426044,L,12
600,24,0.19034355180338025,L,11
847,1,0.19024649262428284,L,1
826,10,0.18988788761198522,L,5
280,34,0.18966584488311233,<,12
320,34,0.18964433407082276,<,12
275,37,0.1895714342292096,K,13
486,17,0.18930805890875704,N,7
692,33,0.1885286836010037,L,11
210,30,0.18850963680694502,<,9
501,29,0.18849738635893526,S,13
716,31,0.18849161495604821,L,10
218,24,0.18839953110242882,<,12
925,3,0.18824316064516702,R,3
612,33,0.18811753730882297,S,13
673,31,0.1876044403160772,L,12
305,21,0.18721389823726245,K,9
1004,1,0.18717405200004578,I,1
725,30,0.18693017835418382,",",9
1182,1,0.18692699074745178,N,1
408,46,0.18691860997806425,L,11
742,16,0.18679773132316768,I,10
427,30,0.18659169636666775,L,12
439,39,0.18606609316208425,K,12
488,32,0.18587719567585737,N,12
862,4,0.1853807084262371,N,3
214,32,0.18478384852642193,<,11
414,34,0.18474377330173464,L,13
1149,1,0.1846579611301422,N,1
744,11,0.18422065675258636,S,6
532,25,0.1839779556542635,N,11
112,20,0.18343019587919115,<,10
484,15,0.1831802435219288,V,10
423,31,0.18310959625148004,M,12
660,27,0.182819079676712,N,12
550,19,0.1825764645871363,S,9
250,20,0.18242506477981807,K,10
537,33,0.18220802340092082,L,11
242,22,0.18199831433594227,K,9
347,26,0.18141091213776514,",",12
696,25,0.18140824198722838,L,10
476,21,0.18119980785108747,",",12
1095,3,0.18105593447883925,L,2
271,35,0.1806906905557428,K,13
748,16,0.18065869808197021,N,9
727,14,0.18041763507894107,",",10
565,35,0.17991352049367768,L,12
624,32,0.17985848931130022,I,11
575,19,0.17983855542383695,R,7
662,39,0.17900230754644442,L,12
288,26,0.17891880554648545,<,13
1172,4,0.1788261327892542,I,3
356,31,0.1786633244445247,I,12
626,43,0.17855195909045463,L,12
1198,3,0.17845911408464113,K,2
592,22,0.17819261313839393,L,9
531,40,0.17816964592784643,I,11
797,14,0.1780080289712974,N,10
802,14,0.17792929070336477,L,6
338,23,0.1775242796410685,L,10
514,29,0.1771972463305654,L,9
386,42,0.17674527507984922,I,15
597,13,0.1765655133013542,N,7
469,18,0.17586405637363592,L,10
762,19,0.17560723071035586,S,9
450,38,0.17528452386001223,N,13
426,25,0.17497664213180542,M,10
437,22,0.17475091310387308,",",12
702,33,0.17463771908572226,L,11
669,33,0.17459728884877582,L,12
405,38,0.17450585049626074,N,12
1274,1,0.1743575632572174,N,1
318,33,0.1741407405810826,K,12
896,6,0.1733142559727033,T,5
336,31,0.17326953718739171,N,11
805,2,0.17309506982564926,N,1
195,14,0.17284474348915474,K,7
232,31,0.17266642122018722,K,11
703,17,0.17254079659195506,L,8
613,28,0.17236346804669925,L,12
635,30,0.17236172358194987,L,9
577,13,0.17168311631450286,N,9
623,22,0.17167838070202956,S,9
252,28,0.17139231546648911,K,11
515,26,0.17137071432975623,N,12
253,29,0.17105547325878306,M,11
735,19,0.17084372749454096,S,11
709,29,0.17080426331737947,L,9
268,32,0.1701683125575073,K,13
680,21,0.169943029327052,L,9
1045,2,0.16993440687656403,N,1
561,15,0.16990385403235753,N,8
627,21,0.16986794184361184,L,12
421,24,0.16984103914971152,N,10
886,2,0.16964608058333397,I,2
307,22,0.16954505587504667,K,8
172,27,0.16927932582243724,<,8
374,36,0.16927243096546996,L,12
701,15,0.16911962603529293,L,10
287,41,0.16897934066449724,M,9
462,33,0.1686596688673352,L,9
664,34,0.1685238901306601,L,11
766,8,0.16847595758736134,L,6
656,21,0.16819099301383608,I,9
760,6,0.16769375714162985,",",5
363,44,0.16745210214602677,<,14
554,17,0.16734750525039785,L,9
654,12,0.16724957743038735,S,7
750,10,0.1669402103871107,K,9
337,32,0.16685835272073746,N,11
270,35,0.16659594965832575,K,13
814,9,0.1665825823114978,L,6
174,26,0.1664990596473217,M,10
737,14,0.16583522728511266,S,9
711,14,0.1657590035881315,T,6
936,1,0.16568416357040405,W,1
284,29,0.16552792849211856,<,10
794,14,0.1653190976274865,N,7
920,1,0.16517004370689392,T,1
215,28,0.1643722737873239,K,11
142,39,0.16428129883626333,M,8
573,16,0.1641696305014193,N,10
420,42,0.1639993607643105,K,14
292,34,0.16377943699412487,K,12
444,58,0.163540407951022,",",14
689,37,0.16333265038760933,L,14
679,35,0.16323676008198942,L,13
342,24,0.16299507937704524,<,11
431,35,0.16275566614099912,K,9
521,32,0.1626799227669835,N,11
788,12,0.16265439055860043,S,6
202,29,0.16238101160731808,<,12
555,17,0.16180064594920943,L,9
452,36,0.1615272598961989,L,12
684,24,0.16126592938477793,L,9
322,38,0.1612247632522332,<,13
260,38,0.16111974839709306,N,13
411,41,0.1610754602929441,N,12
129,17,0.1609575958812938,<,8
496,52,0.16081547185492057,L,13
120,15,0.16081012710928916,<,10
315,19,0.16073820210601153,I,8
598,16,0.1605655353050679,N,11
383,24,0.16040593719420335,R,11
495,41,0.16024574737359837,L,13
301,32,0.15964936290401965,M,12
479,18,0.15956934417287508,L,10
295,25,0.1593564862012863,K,11
283,40,0.15934021747671068,<,14
529,29,0.15886800472849402,L,10
785,9,0.1586245455675655,L,6
759,8,0.15857629664242268,L,6
238,40,0.15849400404840708,M,11
111,24,0.1584822036481152,",",10
178,20,0.15843703802675008,T,9
741,18,0.15839498862624168,S,10
234,37,0.1581888811511768,<,14
148,22,0.1581861502914266,<,9
485,20,0.15818164199590684,N,10
277,36,0.15812745478211176,N,10
869,7,0.15793048696858542,N,4
221,30,0.15781122781336307,K,11
237,39,0.1575771257854425,M,11
977,1,0.1575533151626587,N,1
373,45,0.1574798985487885,N,14
708,25,0.15730224996805192,L,11
308,33,0.15682382768753803,K,11
170,22,0.1567831706594337,<,9
225,32,0.15665410785004497,K,11
475,26,0.15655110074350467,N,11
312,32,0.1562927436316386,",",12
574,25,0.1557038477063179,P,15
457,22,0.15522075512192465,K,11
835,2,0.15507785975933075,N,2
487,31,0.1550603752895709,L,12
940,4,0.1545289158821106,S,3
959,6,0.15435796541472277,S,4
197,29,0.15414686231263752,M,10
849,3,0.15410970648129782,L,3
1136,1,0.1536475270986557,I,1
825,7,0.15315558654921396,N,4
520,27,0.15289325280873864,L,10
206,25,0.15240859515964986,<,12
557,12,0.15217175986617804,L,8
625,28,0.15213247814348765,T,12
666,41,0.15194096116394532,L,12
854,3,0.15192475666602454,",",3
387,47,0.1518336979157113,<,12
343,36,0.15168125208260286,N,15
681,27,0.1514316529587463,S,8
344,24,0.15136246119315425,K,10
519,47,0.15106644196079133,L,14
196,14,0.15096489100583962,",",8
266,24,0.15080720325931907,M,10
193,28,0.1501342867101942,M,12
458,30,0.14999717591951292,M,12
629,19,0.14999296418146082,L,9
278,36,0.14973339490178558,I,14
461,40,0.14940893491730095,M,11
605,34,0.14928754824487603,N,12
332,25,0.1492178176343441,I,10
441,30,0.1491452002276977,W,11
841,4,0.14891342166811228,<,4
335,29,0.14875754701166316,",",12
773,16,0.1483254332561046,L,9
440,33,0.14799977974458176,L,10
1176,5,0.1474980428814888,<,5
340,26,0.1473939844335501,K,10
599,27,0.14691650950246388,L,10
460,41,0.14634008042332602,N,13
834,8,0.14591849502176046,L,7
415,30,0.14559180326759816,",",11
448,36,0.14480910905533367,L,12
257,22,0.14477613060311836,N,12
812,9,0.144696650819646,",",7
182,37,0.14449189306312316,M,10
633,40,0.14432599311694502,K,13
377,31,0.1440984734123753,M,11
853,3,0.143947405119737,N,2
465,46,0.14388959514706032,I,14
685,28,0.14363854272024973,L,8
369,35,0.1435680545334305,L,12
776,14,0.14311807975172997,S,9
367,21,0.1430379854781287,I,12
114,43,0.1427299757163192,M,9
192,19,0.14206505782510104,K,8
780,8,0.1419325042515993,I,6
715,20,0.14163632597774267,K,12
556,23,0.14130499521675316,L,13
663,18,0.14116502977493736,N,10
536,36,0.14112626657717758,L,11
881,2,0.14077119529247284,N,2
255,28,0.14055339433252811,",",12
443,26,0.14037960631629595,I,11
764,10,0.1398172177374363,S,6
434,30,0.13974984673162302,T,13
300,25,0.13963859222829342,I,10
1113,1,0.13946136832237244,R,1
171,37,0.13942259947794514,M,12
290,27,0.1392537910077307,K,11
559,19,0.13922748479403949,L,11
719,37,0.13913109767678622,S,14
661,21,0.1385603082321939,N,10
857,3,0.13828061272700629,L,2
491,26,0.13814594510656136,I,9
999,1,0.13810773193836212,N,1
851,3,0.1380238582690557,I,2
864,9,0.13796115873588455,L,6
354,37,0.13776429067995097,N,15
394,37,0.137448926582127,",",11
107,17,0.13706912248231032,M,6
264,29,0.13697496872266818,<,10
97,7,0.136672512495092,K,6
188,26,0.13667019757513815,M,11
1115,1,0.13629040122032166,R,1
659,31,0.1361273457446406,N,12
226,29,0.1360140406237594,M,12
1119,1,0.13597416877746582,",",1
704,20,0.1357450084760785,N,9
329,28,0.13555602203788503,M,13
687,33,0.1354219549984643,L,12
490,34,0.13532215860836647,L,12
872,4,0.13446898572146893,S,3
1185,1,0.13423974812030792,L,1
179,18,0.1340730425177349,K,9
296,23,0.13395605916562286,M,12
396,43,0.13332815780196078,N,13
621,35,0.1333002420408385,L,11
160,22,0.13303550976243886,<,10
991,1,0.13273140788078308,L,1
136,28,0.13213949417695403,K,11
619,33,0.13206308775327422,N,10
603,33,0.13185708766633814,L,12
297,23,0.13165981719351333,I,12
480,21,0.1316414773464203,N,11
370,38,0.13159989046030923,<,14
360,35,0.13140691625220435,L,13
850,3,0.13114769011735916,R,3
705,22,0.13112528842281213,L,10
404,41,0.13105770909204717,N,11
365,50,0.13044115863740444,M,11
403,17,0.13008175680742545,K,8
478,29,0.1298302292566875,L,12
303,24,0.12976895862569413,",",11
269,42,0.12945156495663382,N,12
384,47,0.12941058027617475,N,15
279,37,0.12934265804250497,",",14
713,30,0.12922653083999952,N,10
379,30,0.1292205444847544,L,10
946,3,0.1291635682185491,L,3
345,22,0.12882532162422483,N,10
168,20,0.12852767715230584,",",8
589,19,0.12786716869787165,L,9
630,39,0.12779158869614968,L,9
1005,2,0.12754296511411667,K,2
272,40,0.12693346468731762,L,14
903,4,0.12594286911189556,L,3
328,20,0.12566966088488699,L,8
827,7,0.1254222925220217,L,4
115,12,0.12524834228679538,M,7
436,27,0.12522071751731415,T,11
453,24,0.12436557607725263,",",11
824,6,0.12433935826023419,L,4
900,3,0.12426728506882985,R,3
249,38,0.12422370743986808,M,11
319,21,0.12389074886838596,L,10
350,22,0.12380862422287464,",",11
352,25,0.12362720616161824,N,14
141,28,0.12286381809306997,M,9
1040,5,0.12264382839202881,N,4
244,23,0.12222121153836665,K,9
60,1,0.12222066521644592,<,1
933,1,0.12192878127098083,W,1
262,32,0.12190205074148253,",",12
1261,1,0.12171405553817749,N,1
712,20,0.12170951515436172,L,9
505,31,0.12162659257169693,N,11
246,40,0.12151183034293353,K,14
204,27,0.1213888871586985,K,12
220,40,0.12138607036322355,M,12
861,3,0.12121417373418808,L,3
330,37,0.12113243064566238,K,12
848,2,0.1209031194448471,N,1
113,35,0.12088200785219669,M,12
965,4,0.12069033458828926,Q,4
775,13,0.12061719252513005,S,7
346,35,0.12032120493905885,L,14
639,36,0.12027106527239084,",",12
217,28,0.12003425408953003,M,10
169,27,0.11913940386363754,<,10
1143,1,0.11913764476776123,N,1
254,32,0.11903119250200689,N,9
1092,2,0.11792130395770073,N,1
359,34,0.11773271809386857,<,13
763,6,0.11764000356197357,L,3
126,24,0.1173849921906367,M,10
922,4,0.11730144917964935,N,3
1204,3,0.11721655602256457,S,3
393,36,0.11718143010511994,N,13
149,20,0.11711112009361387,M,9
1071,2,0.1169503927230835,N,2
207,40,0.11681235581636429,K,12
118,11,0.11622280170294372,M,8
213,25,0.1162179434299469,",",10
749,16,0.11602000636048615,N,10
355,30,0.11599192172288894,N,12
156,18,0.11597193601644701,M,8
1063,2,0.11578533798456192,L,2
119,11,0.11553356576372277,S,8
240,40,0.11501650311984121,M,11
293,29,0.11484863249392345,",",9
1048,4,0.11481430195271969,N,3
243,46,0.1147186745201116,M,12
116,20,0.11470703743398189,M,7
173,23,0.11461841614673966,",",11
368,37,0.11452081195406012,K,12
276,38,0.11423224896976822,N,12
745,13,0.11379812915737812,I,6
128,15,0.11353293533126513,L,7
134,26,0.11335841251107362,M,9
958,5,0.1131095327436924,N,3
969,4,0.11285982094705105,I,4
793,9,0.11274702515867022,N,4
743,14,0.11263436637818813,L,10
310,31,0.11260289608711196,L,12
138,30,0.1125692010546724,M,8
967,1,0.11256590485572815,N,1
595,21,0.11212996659534318,L,8
124,20,0.11172153493389488,M,10
1091,2,0.11162291467189789,I,2
406,35,0.11160100634608949,N,13
590,37,0.11159051159346425,L,13
159,26,0.11137199674088222,M,9
993,2,0.11088807135820389,T,2
852,2,0.11081915348768234,R,2
236,38,0.11061448500932831,",",14
378,37,0.11024821036168046,N,14
779,7,0.11024748640401023,K,5
918,6,0.1100057785709699,I,6
93,9,0.10984007600280973,D,6
618,18,0.10978588130739,L,8
808,5,0.10956956520676613,L,4
897,9,0.10930928298168713,N,5
1101,2,0.10922418534755707,N,2
209,27,0.10907734916717918,K,12
235,28,0.10906128139634218,M,11
917,4,0.10899103805422783,I,4
898,11,0.1086319051682949,",",5
258,21,0.10863161832094193,I,10
229,34,0.10839264198918552,",",11
267,35,0.10836305064814432,N,14
926,2,0.10831018537282944,P,2
289,17,0.10801537762231686,",",10
1141,3,0.10739130775133769,I,2
390,37,0.10732344668861982,",",13
247,39,0.10708186020835853,M,9
983,5,0.10705054625868797,N,4
265,30,0.10696638319641352,M,10
1090,2,0.10664933174848557,N,1
818,4,0.10617410950362682,L,3
840,3,0.10604127496480942,L,2
198,18,0.10603979374799463,M,9
140,29,0.10574306990822842,K,10
960,6,0.10561999802788098,I,4
1025,3,0.1050527219971021,L,2
1148,1,0.10502202063798904,I,1
865,1,0.10501424223184586,T,1
799,7,0.10467752814292908,L,4
810,3,0.10439476122458775,N,3
399,24,0.10420436148221295,",",11
876,6,0.10369306430220604,M,6
930,4,0.10347777977585793,L,3
753,9,0.10340309184458521,L,6
908,4,0.10339297726750374,L,3
227,37,0.10334602859173272,K,11
586,14,0.10333411781383413,L,5
216,26,0.10313558786247785,M,11
306,28,0.10298267991415092,K,14
562,9,0.10275000168217553,N,4
795,8,0.10274460772052407,L,7
222,34,0.10244296863675117,K,13
858,4,0.10202600713819265,S,3
371,22,0.10192690027708357,",",10
649,19,0.1017866930679271,S,6
517,34,0.10168462137089056,L,11
547,17,0.10165071114897728,L,8
545,16,0.10114068700931966,L,8
1026,4,0.10111279971897602,I,4
184,21,0.10089036636054516,M,8
251,37,0.1006453830648113,M,12
914,2,0.10060955956578255,N,2
523,34,0.10045037002247922,N,10
1027,2,0.10025510936975479,T,2
781,6,0.09989423180619876,I,5
165,21,0.09983416699937411,K,9
1111,1,0.09934777021408081,T,1
1097,3,0.0992022193968296,R,3
181,52,0.09901152855645005,T,11
401,35,0.09894240599657808,N,11
821,6,0.09820327038566272,L,5
208,33,0.09794206798753956,N,13
224,50,0.09787339244037867,M,14
587,18,0.09783883247938421,L,7
882,2,0.09703051298856735,Q,2
167,23,0.0969253845674836,M,11
123,23,0.09510676417013873,M,10
746,18,0.09492372079855865,",",9
860,3,0.09475605686505635,R,3
382,38,0.0945680919838579,N,14
985,2,0.09440790303051472,",",2
316,24,0.09439558473726113,M,11
186,25,0.09375074207782745,M,11
667,18,0.0937482582198249,R,9
1022,1,0.09358413517475128,L,1
150,22,0.09356495949693701,M,9
1083,3,0.09356013437112172,N,2
175,22,0.09355745557695627,K,11
122,57,0.09342489522277263,M,8
470,17,0.09293084372492398,I,9
916,3,0.09273318698008855,R,3
333,42,0.0926823074086791,L,13
321,28,0.09260869970811265,I,14
769,9,0.09239015107353528,N,6
949,3,0.09230635066827138,N,2
147,15,0.09187194009621938,M,5
144,15,0.09180814400315285,S,8
641,30,0.09121414770682652,L,10
299,25,0.09102502539753914,L,11
890,8,0.09050015732645988,S,5
211,41,0.09047897873310054,M,9
65,7,0.08958912268280983,M,4
152,22,0.08934461206875065,M,10
1271,1,0.08919033408164978,N,1
772,6,0.08893598740299542,L,6
361,32,0.08890817523933947,L,11
327,32,0.08885891339741647,M,12
131,11,0.08858382718806918,K,7
1161,2,0.08857136219739914,N,1
591,17,0.08855596688740394,N,10
975,2,0.08823751658201218,P,2
1078,1,0.08764857053756714,",",1
87,13,0.08703611963070355,M,4
130,19,0.08678871795142952,T,8
910,3,0.08664355675379436,N,3
816,3,0.08664276699225108,N,3
273,39,0.08611016873365794,",",13
931,1,0.086057648062706,",",1
467,30,0.08600834601869185,L,12
1034,2,0.08558379113674164,N,2
817,1,0.0852682888507843,K,1
191,25,0.08508949317038059,K,12
429,34,0.08495916497400578,L,14
831,4,0.08462467417120934,",",3
1085,1,0.08452490717172623,",",1
1000,3,0.08425099154313405,L,3
259,34,0.08418552599409047,K,12
1064,2,0.08360595628619194,L,2
1075,3,0.0836019217967987,N,3
69,5,0.0834275245666504,M,3
302,19,0.08300875323383432,K,9
1265,3,0.08294012894233067,L,3
157,27,0.08286807223878524,K,10
1074,2,0.08236359804868698,N,2
1155,2,0.08194917440414429,T,2
809,3,0.08187173182765643,N,2
957,2,0.08182599022984505,I,2
921,2,0.0817352943122387,K,2
201,27,0.08124317787587643,N,11
837,5,0.08123293220996856,I,5
973,1,0.08120191842317581,K,1
893,3,0.08104684700568517,R,3
146,22,0.08095382844013246,M,5
102,23,0.08080336597302686,M,10
189,20,0.08046816671267151,K,9
870,3,0.08041957517464955,",",2
895,4,0.0803601574152708,K,3
990,1,0.0803212895989418,L,1
1170,4,0.08002965617924929,N,3
1023,2,0.07977437973022461,N,2
954,3,0.0796005552013715,N,3
108,23,0.07956947969353717,K,8
828,2,0.07925944775342941,W,2
994,4,0.07902174443006516,L,3
952,6,0.07899488757054011,N,5
1039,3,0.07893611490726471,Q,3
863,6,0.07881271156171958,S,4
971,2,0.07873184606432915,R,2
1084,1,0.0786600187420845,Q,1
1142,2,0.07846704125404358,T,2
194,20,0.07825872274115682,M,10
941,3,0.07815795702238877,",",3
1320,1,0.07811550796031952,L,1
938,2,0.07787231355905533,L,1
489,17,0.07768479888053502,L,9
163,18,0.07763854393528567,M,9
1042,2,0.0768229067325592,T,1
947,1,0.07671727240085602,I,1
183,28,0.07665059336328081,M,8
901,4,0.0762603497132659,T,4
233,50,0.07621802341192961,M,13
829,3,0.07603794087966283,I,2
1492,1,0.07602829486131668,L,1
1007,3,0.07554629072546959,L,2
1070,4,0.0754546532407403,L,2
1247,1,0.07498855143785477,T,1
100,24,0.07494123536162078,M,9
121,30,0.07476854560275872,M,8
1173,2,0.07452676445245743,I,2
161,26,0.07428836901313983,M,10
1197,1,0.07395016402006149,N,1
1212,1,0.07390031218528748,L,1
859,1,0.07365427166223526,I,1
1303,1,0.07332353293895721,",",1
892,4,0.07303860317915678,K,3
822,1,0.07293000817298889,L,1
1050,4,0.07263889815658331,L,3
944,2,0.07248863577842712,N,2
767,9,0.07227056432101461,L,6
1262,2,0.07191346399486065,N,2
203,28,0.07166602615533131,M,11
787,4,0.07155715674161911,L,2
143,13,0.07151633286132263,K,6
844,2,0.07073592022061348,N,2
381,35,0.07053000724741391,L,11
888,2,0.07049126364290714,I,1
219,31,0.07045710435317408,K,11
241,31,0.07045296279172744,K,11
1299,2,0.07018297351896763,F,2
1168,2,0.07013067230582237,L,1
1273,1,0.0699620395898819,I,1
1206,1,0.06995798647403717,",",1
880,3,0.06970646480719249,P,3
1015,2,0.069596778601408,N,2
980,3,0.06893310944239299,S,2
1038,4,0.06892474740743637,N,3
1347,1,0.06874879449605942,I,1
10,82,0.06840758850207417,M,6
309,27,0.06838564133202588,N,11
291,29,0.06835290378537671,",",13
89,17,0.06823810135178707,M,4
770,7,0.0682253007377897,N,5
353,34,0.06819484459564966,N,13
132,11,0.06799513050778346,K,8
205,34,0.06785032394177773,M,12
955,4,0.0674563692882657,",",4
846,2,0.06724744103848934,R,2
187,21,0.06721562475320839,M,12
98,14,0.0667625657681908,M,6
101,11,0.0665208851410584,M,8
135,12,0.06641007447615266,Y,8
995,1,0.06579400599002838,I,1
176,31,0.06546245130800432,M,9
185,16,0.06541077303700149,M,10
1340,1,0.06533066183328629,N,1
1036,2,0.06513683870434761,T,2
137,18,0.06498004196004735,M,9
1057,1,0.0649646520614624,S,1
311,27,0.06488414219132176,N,13
1068,1,0.06480202078819275,W,1
1062,1,0.06461125612258911,N,1
1167,3,0.06456522022684415,I,3
1108,1,0.06453165411949158,T,1
158,18,0.06452149038927422,K,10
1408,2,0.06451801583170891,R,1
1137,2,0.06448628008365631,L,2
1153,1,0.06447335332632065,I,1
989,1,0.06442204117774963,L,1
1117,1,0.06421779096126556,",",1
992,3,0.06324697285890579,I,3
1129,1,0.06280442327260971,N,1
878,3,0.06265066812435786,I,3
883,1,0.062406498938798904,",",1
1390,2,0.061966877430677414,L,1
4,408,0.06192233972251415,>,1
1131,1,0.06179307401180267,K,1
1016,1,0.061740726232528687,S,1
1218,1,0.06167411804199219,",",1
1392,1,0.06158566102385521,L,1
791,5,0.06154446005821228,L,5
1035,2,0.06094367057085037,L,2
1069,3,0.06091317037741343,I,2
1164,2,0.06089778617024422,R,2
1030,3,0.06089633454879125,L,2
1275,1,0.06088472157716751,L,1
1133,1,0.06083376705646515,I,1
1202,3,0.060827676206827164,N,3
1302,1,0.06071564555168152,L,1
0,617,0.06066127490053011,<,1
1280,1,0.06032492220401764,L,1
982,3,0.06023664399981499,S,3
51,23,0.060051411876212,M,1
1157,2,0.05981170013546944,P,2
1154,2,0.059226999059319496,T,2
1066,1,0.05920052528381348,N,1
1145,2,0.0590374581515789,S,2
934,3,0.05845894105732441,L,3
962,2,0.05845308490097523,N,2
1201,1,0.0582820288836956,M,1
127,17,0.05807354049209286,M,9
59,10,0.057558505609631536,M,5
1163,1,0.05721446871757507,N,1
1343,1,0.05670710280537605,R,1
1184,2,0.05669632740318775,N,2
1054,2,0.05652569234371185,L,2
1056,1,0.05648084729909897,Y,1
1345,1,0.05639546364545822,I,1
325,24,0.05620559436889986,",",11
105,22,0.05582747803154317,M,10
1046,1,0.05544096976518631,I,1
1127,1,0.05523166060447693,N,1
125,17,0.05509304562035729,M,10
16,16,0.05503149388823658,M,4
1107,1,0.05475715547800064,R,1
166,26,0.054705061663228735,M,11
1116,1,0.05459684506058693,K,1
1032,1,0.05458248034119606,N,1
1285,1,0.054550789296627045,L,1
1187,2,0.05437394231557846,",",2
56,14,0.05418690573424101,M,3
45,7,0.05418294242450169,D,4
1270,1,0.053453363478183746,L,1
71,10,0.05324554666876793,M,4
1561,1,0.05321256071329117,N,1
231,40,0.052545459801331164,M,14
62,15,0.05250461051861445,M,5
25,9,0.05246647343867355,W,3
1166,1,0.05245904251933098,L,1
1011,1,0.052356377243995667,R,1
27,20,0.05219527762383223,M,4
35,11,0.05213574387810447,M,1
1099,1,0.052093781530857086,L,1
64,16,0.05164561653509736,M,4
44,7,0.051551565527915955,T,4
1087,1,0.05151419714093208,",",1
1077,1,0.05115295201539993,W,1
17,16,0.05088750005234033,T,5
1210,1,0.050805382430553436,Q,1
36,16,0.05063911224715412,M,3
1028,1,0.05043613165616989,R,1
91,12,0.05038034434740742,M,5
951,4,0.050157589837908745,I,3
1506,2,0.05010727606713772,T,2
38,31,0.0500926899333154,M,4
73,22,0.0499493901363828,M,3
1082,1,0.049696020781993866,N,1
1130,2,0.04967478662729263,N,2
1121,3,0.049305578072865806,M,2
12,12,0.049052006720254816,M,4
1162,3,0.04904195417960485,L,3
83,11,0.0490257279439406,M,4
90,30,0.049017292199035487,M,7
1346,2,0.0490057859569788,L,2
1171,1,0.048898130655288696,Q,1
109,22,0.04880439109084281,K,8
1293,1,0.04877490922808647,R,1
1150,2,0.04870936647057533,M,2
1181,2,0.048623956739902496,Q,2
1251,1,0.04838050901889801,L,1
19,19,0.04816356389538238,M,4
200,35,0.0481575146317482,M,13
1183,1,0.04807491600513458,N,1
223,26,0.04783163398790818,M,14
54,9,0.04752263550957044,M,3
74,14,0.04751771142972367,M,4
1504,1,0.04720234125852585,W,1
77,11,0.04716936058618806,M,3
285,34,0.047087952713756,",",12
281,33,0.04692174928883711,I,12
1268,1,0.046849824488162994,R,1
1510,1,0.04673812910914421,N,1
261,42,0.04643724033875125,T,12
1456,1,0.046405330300331116,T,1
21,21,0.04632337914691085,T,4
61,57,0.045833278708813485,M,2
1196,1,0.04578503221273422,M,1
1052,2,0.04576480761170387,",",1
1200,1,0.045662734657526016,W,1
1257,1,0.04559675604104996,L,1
1396,1,0.04547736048698425,K,1
23,23,0.04537652392426263,W,5
1556,1,0.045261215418577194,L,1
81,33,0.04505292015771071,M,5
66,21,0.04470663766066233,M,2
1297,2,0.0442542489618063,L,2
1344,2,0.04422087874263525,K,2
1255,1,0.044036030769348145,L,1
29,5,0.04401939734816551,W,4
82,16,0.044000356807373464,D,6
1080,2,0.043961357325315475,T,2
1024,1,0.04395359382033348,S,1
245,23,0.04394541931865008,K,10
1405,2,0.04388592578470707,P,1
26,26,0.04379764729394363,W,4
1132,3,0.04372981873651346,L,2
85,18,0.04339109930313296,M,7
154,34,0.04336618374594871,M,7
22,18,0.043338409831954375,W,4
31,14,0.043221850347306044,M,3
1485,1,0.04320813715457916,R,1
199,19,0.043117815824715716,M,9
78,6,0.04311514459550381,M,4
15,10,0.04281961042433977,H,4
1494,1,0.0428033173084259,N,1
50,16,0.042715506977401674,M,4
1469,1,0.042649224400520325,Q,1
177,27,0.042268861982005614,K,8
1146,1,0.04217536747455597,",",1
907,3,0.04217433681090673,I,3
927,1,0.041950784623622894,",",1
8,21,0.041947935796564535,W,6
145,16,0.041921934694983065,M,5
1557,1,0.04180599004030228,Q,1
33,19,0.04165809327050259,W,3
48,22,0.041655649642714045,T,3
94,7,0.041642161618386,K,6
1110,1,0.04157222807407379,L,1
79,14,0.04156719733561788,M,3
34,4,0.04103239253163338,D,4
68,15,0.04101685894032319,M,3
47,6,0.04070503016312917,M,4
28,15,0.040635511527458826,M,3
1076,1,0.04063022509217262,R,1
9,20,0.040506531950086355,T,5
76,18,0.04048963791380326,M,6
1407,1,0.040299151092767715,M,1
58,7,0.040179169337664335,<,4
6,116,0.04008726714628524,M,2
1493,1,0.03981993347406387,F,1
63,17,0.039617808973964524,M,6
40,14,0.0395923115180007,M,6
86,7,0.03941963107458183,D,4
13,10,0.03937075100839138,W,5
20,17,0.039355225094101005,M,3
72,11,0.03929764167828993,M,2
1480,1,0.03919003903865814,Q,1
1519,1,0.038754984736442566,Q,1
1310,1,0.03873666748404503,N,1
70,3,0.03863916297753652,M,3
30,17,0.03826035624917816,T,4
1514,1,0.03823966532945633,L,1
133,30,0.038100043311715126,M,13
96,21,0.03801490348719415,M,8
37,7,0.0379132122865745,M,2
1191,1,0.03779832273721695,L,1
1109,1,0.03755534067749977,L,1
1505,1,0.03740936145186424,I,1
1395,2,0.03739219158887863,S,2
104,26,0.03721329705932966,M,5
49,6,0.03718684862057368,M,4
14,21,0.03711829760244915,W,4
24,17,0.037056275698191976,T,3
1463,1,0.037024177610874176,Q,1
103,19,0.03691181324814495,M,8
7,33,0.03658654789129893,T,8
11,15,0.0365163737287124,T,4
1394,2,0.03651138022542,N,1
67,11,0.036452488635074005,T,3
1548,1,0.036311447620391846,L,1
1288,1,0.03613806888461113,L,1
18,22,0.036120754073966636,W,6
1460,1,0.03610570356249809,N,1
80,17,0.03599211442119935,M,5
57,9,0.03575225008858575,M,4
1199,1,0.03574075549840927,K,1
92,8,0.035478791454806924,S,5
1114,1,0.03539910912513733,S,1
889,1,0.03514456748962402,I,1
75,10,0.0349409150891006,M,6
88,12,0.034800652181729674,M,4
84,6,0.03470199772467216,D,5
106,26,0.03460179269313812,K,8
180,14,0.0342497020693762,N,6
1125,1,0.03423299640417099,N,1
1387,1,0.03399856761097908,N,1
1554,1,0.033926770091056824,L,1
190,11,0.03388377888636156,K,6
55,7,0.033871669322252274,<,3
99,10,0.03382299356162548,K,5
164,22,0.03379696353592656,M,11
155,19,0.033751148485431544,K,7
1333,1,0.0336826853454113,N,1
95,9,0.03360985964536667,M,8
1553,1,0.03353464603424072,T,1
1476,1,0.03303069248795509,L,1
52,6,0.03288477131476005,T,3
1502,1,0.03287413343787193,I,1
1295,1,0.032399892807006836,W,1
1259,1,0.03193565458059311,L,1
41,10,0.03186844512820244,M,3
1529,1,0.03182756155729294,K,1
1479,2,0.031122018583118916,K,2
139,26,0.031116299116267607,M,10
1258,1,0.031088728457689285,L,1
1449,1,0.030548663809895515,N,1
1385,1,0.03046487271785736,N,1
32,4,0.029676415491849184,T,3
1507,1,0.02964559942483902,",",1
46,4,0.02963804267346859,M,3
53,9,0.02918299701478746,M,4
117,16,0.029161694343201816,Y,10
1513,1,0.029103348031640053,Q,1
1499,1,0.029062531888484955,N,1
151,15,0.028644494091471035,K,8
1465,1,0.028505859896540642,K,1
1397,2,0.028377752751111984,I,1
39,4,0.027629133313894272,T,3
948,1,0.027613459154963493,M,1
1410,2,0.02564263716340065,",",1
43,2,0.024334048852324486,W,2
1389,1,0.02329077012836933,K,1
3,30,0.02287540022904674,1,1
42,3,0.022645166143774986,T,3
1406,2,0.022586194798350334,Y,1
5,19,0.022063426183242547,",",1
1393,2,0.019424435682594776,I,1
1373,1,0.018607590347528458,N,1
